{
  "type" : "lob",
  "custom" : false,
  "junction" : false,
  "customizable" : false,
  "verbs" : {
    "createBinary" : "createBinaryMapping",
    "create" : "createMapping",
    "update" : "updateMapping",
    "getBinary" : "getBinaryMapping",
    "partialupdate" : "partialupdateMapping",
    "delete" : "deleteMapping",
    "updateBinary" : "updateBinaryMapping",
    "deleteBinary" : "deleteBinaryMapping"
  },
  "entityProperties" : {
    "BatchMode" : "none",
    "backendMeta" : {
      "libraryName" : "WM",
      "dataObjectName" : "ZWMMEDIA_DOB",
      "businessObjectName" : "media"
    },
    "designTimeBackendMeta" : {
      "libraryName" : "WM",
      "dataObjectName" : "ZWMMEDIA_DOB",
      "businessObjectName" : "media"
    }
  },
  "commonMappings" : [ {
    "sourceFieldName" : "classValue",
    "targetField" : "classValue",
    "type" : "request_response"
  }, {
    "sourceFieldName" : "extension",
    "targetField" : "extension",
    "type" : "request_response"
  }, {
    "sourceFieldName" : "name",
    "targetField" : "name",
    "type" : "request_response"
  }, {
    "sourceFieldName" : "description",
    "targetField" : "description",
    "type" : "request_response"
  }, {
    "sourceFieldName" : "type",
    "targetField" : "type",
    "type" : "request_response"
  }, {
    "sourceFieldName" : "ondemand",
    "targetField" : "ondemand",
    "type" : "request_response"
  }, {
    "sourceFieldName" : "url",
    "targetField" : "url",
    "type" : "request_response"
  }, {
    "sourceFieldName" : "classField",
    "targetField" : "classField",
    "type" : "request_response"
  }, {
    "sourceFieldName" : "group",
    "targetField" : "group",
    "type" : "request_response"
  } ]
}