<?xml version="1.0" encoding="UTF-8" standalone="yes"?>
<service serviceGroup="" cachable="false" cacheduration="" description="" endpoint="default" groupType="" id="getCSMYRDCUSERDETAIL" passwordencrypted="false" security="authorized_app_user" type="jsonConnector" smscode="" smsenabled="false">
    <service-config>
        <config-param api-version="" appid="" name="preprocessorname" value=""/>
        <config-param api-version="" appid="" name="postprocessorname" value=""/>
        <config-param api-version="" appid="" name="preprocessorJS" value=""/>
        <config-param api-version="" appid="" name="postprocessorJS" value=""/>
        <config-param api-version="" appid="" name="kony_http_supported_methods" value="POST"/>
        <config-param api-version="" appid="" name="endpointUrl" value="https://konydev.capral.com.au:15075/v1/CS_MYRDC_USER_DETAIL?$filters=UNAME[EQ]$UNAME"/>
        <config-param api-version="" appid="" name="ignorehttpproxy" value="true"/>
        <config-param api-version="" appid="" name="http.method" value="GET"/>
        <config-param api-version="" appid="" name="dataObjectName" value="CS_MYRDC_USER_DETAIL"/>
        <config-param api-version="" appid="" name="libraryName" value="CS"/>
        <config-param api-version="" appid="" name="sockettimeout" value=""/>
        <config-param api-version="" appid="" name="responseEncoding" value="UTF-8"/>
        <config-param api-version="" appid="" name="isembedxmlpresent" value="false"/>
        <config-param api-version="" appid="" name="retrycount" value="0"/>
        <config-param api-version="" appid="" name="identityProvider" value="SAPCOD01"/>
        <config-param api-version="" appid="" name="identityProviderType" value="sky"/>
        <config-param api-version="" appid="" name="password" value="Sep1809sep"/>
    </service-config>
    <service-input passthrough="false">
        <header datatype="" name="" passthrough="false">
            <param datatype="string" defaultvalue="" description="" encode="false" format="None" formatvalue="" name="KonySAP-Session-Key" order="" sms-name="" src="request" sourcevalue="" srcformatvalue="" target="" targetdatatype="" testvalue="" value="">
                <accessType></accessType>
            </param>
            <param datatype="string" defaultvalue="0" description="" encode="false" format="None" formatvalue="" name="KonySAP-Request-Buffer-Size" order="" sms-name="" src="request" sourcevalue="" srcformatvalue="" target="" targetdatatype="" testvalue="" value="0">
                <accessType></accessType>
            </param>
        </header>
        <param datatype="string" defaultvalue="" description="" encode="true" format="None" formatvalue="" name="UNAME" order="" passnull="false" sms-name="" src="request" sourcevalue="" srcformatvalue="" target="request" targetdatatype="java.lang.String" testvalue="MENDE" value="">
            <accessType></accessType>
        </param>
        <template-param datatype="" defaultvalue="&lt;?xml version=&quot;1.0&quot; encoding=&quot;UTF-8&quot; standalone=&quot;no&quot;?&gt;&#xA;&lt;entry&gt;&#xA;    &lt;headers KonySAP-Response-Content-Encoding=&quot;UTF-8&quot; KonySAP-Response-Content-Type=&quot;XML&quot; KonySAP-Response-Time-Sap=&quot;4&quot; KonySAP-Response-Transfer-Id=&quot;0000003936&quot;/&gt;&#xA;    &lt;service&gt;&#xA;        &lt;name&gt;CS_MYRDC_USER_DETAIL&lt;/name&gt;&#xA;        &lt;description&gt;Get SAP User Details&lt;/description&gt;&#xA;        &lt;library&gt;CS&lt;/library&gt;&#xA;        &lt;group/&gt;&#xA;        &lt;url&gt;http://konydev.capral.com.au:15075/v1/CS_MYRDC_USER_DETAIL&lt;/url&gt;&#xA;        &lt;metadata&gt;http://konydev.capral.com.au:15075/v1/metadata/CS_MYRDC_USER_DETAIL&lt;/metadata&gt;&#xA;        &lt;methods&gt;&#xA;            &lt;get&gt;true&lt;/get&gt;&#xA;            &lt;put&gt;true&lt;/put&gt;&#xA;            &lt;patch&gt;true&lt;/patch&gt;&#xA;            &lt;post&gt;true&lt;/post&gt;&#xA;            &lt;delete&gt;true&lt;/delete&gt;&#xA;        &lt;/methods&gt;&#xA;        &lt;table description=&quot;UNAME&quot; input_output=&quot;INPUT&quot; name=&quot;UNAME&quot; type=&quot;ATTRIBUTE&quot;&gt;&#xA;            &lt;attribute mandatory=&quot;true&quot; maxlength=&quot;30&quot; name=&quot;UNAME&quot; richtype=&quot;CHARACTER&quot; type=&quot;xsd:string&quot;/&gt;&#xA;        &lt;/table&gt;&#xA;        &lt;table description=&quot;NAME_TEXTC&quot; input_output=&quot;OUTPUT&quot; name=&quot;NAME_TEXTC&quot; type=&quot;ATTRIBUTE&quot;&gt;&#xA;            &lt;attribute mandatory=&quot;true&quot; maxlength=&quot;80&quot; name=&quot;NAME_TEXTC&quot; richtype=&quot;CHARACTER&quot; type=&quot;xsd:string&quot;/&gt;&#xA;        &lt;/table&gt;&#xA;        &lt;table description=&quot;LGNUM&quot; input_output=&quot;OUTPUT&quot; name=&quot;LGNUM&quot; type=&quot;ATTRIBUTE&quot;&gt;&#xA;            &lt;attribute mandatory=&quot;true&quot; maxlength=&quot;3&quot; name=&quot;LGNUM&quot; richtype=&quot;CHARACTER&quot; type=&quot;xsd:string&quot;/&gt;&#xA;        &lt;/table&gt;&#xA;        &lt;table description=&quot;_RETURN&quot; input_output=&quot;OUTPUT&quot; name=&quot;_RETURN&quot; type=&quot;STRUCTURE&quot;&gt;&#xA;            &lt;attribute description=&quot;Message type: S Success, E Error, W Warning, I Info, A Abort&quot; mandatory=&quot;true&quot; maxlength=&quot;1&quot; name=&quot;TYPE&quot; richtype=&quot;CHARACTER&quot; type=&quot;xsd:string&quot;/&gt;&#xA;            &lt;attribute description=&quot;Message code&quot; mandatory=&quot;true&quot; maxlength=&quot;5&quot; name=&quot;CODE&quot; richtype=&quot;CHARACTER&quot; type=&quot;xsd:string&quot;/&gt;&#xA;            &lt;attribute description=&quot;Message Text&quot; mandatory=&quot;true&quot; maxlength=&quot;220&quot; name=&quot;MESSAGE&quot; richtype=&quot;CHARACTER&quot; type=&quot;xsd:string&quot;/&gt;&#xA;            &lt;attribute description=&quot;Application log: log number&quot; mandatory=&quot;true&quot; maxlength=&quot;20&quot; name=&quot;LOG_NO&quot; richtype=&quot;CHARACTER&quot; type=&quot;xsd:string&quot;/&gt;&#xA;            &lt;attribute description=&quot;Application log: Internal message serial number&quot; mandatory=&quot;true&quot; maxlength=&quot;6&quot; name=&quot;LOG_MSG_NO&quot; richtype=&quot;CHARACTERNUMERIC&quot; type=&quot;xsd:string&quot;/&gt;&#xA;            &lt;attribute description=&quot;Message Variable&quot; mandatory=&quot;true&quot; maxlength=&quot;50&quot; name=&quot;MESSAGE_V1&quot; richtype=&quot;CHARACTER&quot; type=&quot;xsd:string&quot;/&gt;&#xA;            &lt;attribute description=&quot;Message Variable&quot; mandatory=&quot;true&quot; maxlength=&quot;50&quot; name=&quot;MESSAGE_V2&quot; richtype=&quot;CHARACTER&quot; type=&quot;xsd:string&quot;/&gt;&#xA;            &lt;attribute description=&quot;Message Variable&quot; mandatory=&quot;true&quot; maxlength=&quot;50&quot; name=&quot;MESSAGE_V3&quot; richtype=&quot;CHARACTER&quot; type=&quot;xsd:string&quot;/&gt;&#xA;            &lt;attribute description=&quot;Message Variable&quot; mandatory=&quot;true&quot; maxlength=&quot;50&quot; name=&quot;MESSAGE_V4&quot; richtype=&quot;CHARACTER&quot; type=&quot;xsd:string&quot;/&gt;&#xA;        &lt;/table&gt;&#xA;    &lt;/service&gt;&#xA;&lt;/entry&gt;" description="" encode="false" format="" formatvalue="" name="message" order="" sms-name="" src="" sourcevalue="" srcformatvalue="" target="" targetdatatype="" value="&lt;?xml version=&quot;1.0&quot; encoding=&quot;UTF-8&quot; standalone=&quot;no&quot;?&gt;&#xA;&lt;entry&gt;&#xA;    &lt;headers KonySAP-Response-Content-Encoding=&quot;UTF-8&quot; KonySAP-Response-Content-Type=&quot;XML&quot; KonySAP-Response-Time-Sap=&quot;4&quot; KonySAP-Response-Transfer-Id=&quot;0000003936&quot;/&gt;&#xA;    &lt;service&gt;&#xA;        &lt;name&gt;CS_MYRDC_USER_DETAIL&lt;/name&gt;&#xA;        &lt;description&gt;Get SAP User Details&lt;/description&gt;&#xA;        &lt;library&gt;CS&lt;/library&gt;&#xA;        &lt;group/&gt;&#xA;        &lt;url&gt;http://konydev.capral.com.au:15075/v1/CS_MYRDC_USER_DETAIL&lt;/url&gt;&#xA;        &lt;metadata&gt;http://konydev.capral.com.au:15075/v1/metadata/CS_MYRDC_USER_DETAIL&lt;/metadata&gt;&#xA;        &lt;methods&gt;&#xA;            &lt;get&gt;true&lt;/get&gt;&#xA;            &lt;put&gt;true&lt;/put&gt;&#xA;            &lt;patch&gt;true&lt;/patch&gt;&#xA;            &lt;post&gt;true&lt;/post&gt;&#xA;            &lt;delete&gt;true&lt;/delete&gt;&#xA;        &lt;/methods&gt;&#xA;        &lt;table description=&quot;UNAME&quot; input_output=&quot;INPUT&quot; name=&quot;UNAME&quot; type=&quot;ATTRIBUTE&quot;&gt;&#xA;            &lt;attribute mandatory=&quot;true&quot; maxlength=&quot;30&quot; name=&quot;UNAME&quot; richtype=&quot;CHARACTER&quot; type=&quot;xsd:string&quot;/&gt;&#xA;        &lt;/table&gt;&#xA;        &lt;table description=&quot;NAME_TEXTC&quot; input_output=&quot;OUTPUT&quot; name=&quot;NAME_TEXTC&quot; type=&quot;ATTRIBUTE&quot;&gt;&#xA;            &lt;attribute mandatory=&quot;true&quot; maxlength=&quot;80&quot; name=&quot;NAME_TEXTC&quot; richtype=&quot;CHARACTER&quot; type=&quot;xsd:string&quot;/&gt;&#xA;        &lt;/table&gt;&#xA;        &lt;table description=&quot;LGNUM&quot; input_output=&quot;OUTPUT&quot; name=&quot;LGNUM&quot; type=&quot;ATTRIBUTE&quot;&gt;&#xA;            &lt;attribute mandatory=&quot;true&quot; maxlength=&quot;3&quot; name=&quot;LGNUM&quot; richtype=&quot;CHARACTER&quot; type=&quot;xsd:string&quot;/&gt;&#xA;        &lt;/table&gt;&#xA;        &lt;table description=&quot;_RETURN&quot; input_output=&quot;OUTPUT&quot; name=&quot;_RETURN&quot; type=&quot;STRUCTURE&quot;&gt;&#xA;            &lt;attribute description=&quot;Message type: S Success, E Error, W Warning, I Info, A Abort&quot; mandatory=&quot;true&quot; maxlength=&quot;1&quot; name=&quot;TYPE&quot; richtype=&quot;CHARACTER&quot; type=&quot;xsd:string&quot;/&gt;&#xA;            &lt;attribute description=&quot;Message code&quot; mandatory=&quot;true&quot; maxlength=&quot;5&quot; name=&quot;CODE&quot; richtype=&quot;CHARACTER&quot; type=&quot;xsd:string&quot;/&gt;&#xA;            &lt;attribute description=&quot;Message Text&quot; mandatory=&quot;true&quot; maxlength=&quot;220&quot; name=&quot;MESSAGE&quot; richtype=&quot;CHARACTER&quot; type=&quot;xsd:string&quot;/&gt;&#xA;            &lt;attribute description=&quot;Application log: log number&quot; mandatory=&quot;true&quot; maxlength=&quot;20&quot; name=&quot;LOG_NO&quot; richtype=&quot;CHARACTER&quot; type=&quot;xsd:string&quot;/&gt;&#xA;            &lt;attribute description=&quot;Application log: Internal message serial number&quot; mandatory=&quot;true&quot; maxlength=&quot;6&quot; name=&quot;LOG_MSG_NO&quot; richtype=&quot;CHARACTERNUMERIC&quot; type=&quot;xsd:string&quot;/&gt;&#xA;            &lt;attribute description=&quot;Message Variable&quot; mandatory=&quot;true&quot; maxlength=&quot;50&quot; name=&quot;MESSAGE_V1&quot; richtype=&quot;CHARACTER&quot; type=&quot;xsd:string&quot;/&gt;&#xA;            &lt;attribute description=&quot;Message Variable&quot; mandatory=&quot;true&quot; maxlength=&quot;50&quot; name=&quot;MESSAGE_V2&quot; richtype=&quot;CHARACTER&quot; type=&quot;xsd:string&quot;/&gt;&#xA;            &lt;attribute description=&quot;Message Variable&quot; mandatory=&quot;true&quot; maxlength=&quot;50&quot; name=&quot;MESSAGE_V3&quot; richtype=&quot;CHARACTER&quot; type=&quot;xsd:string&quot;/&gt;&#xA;            &lt;attribute description=&quot;Message Variable&quot; mandatory=&quot;true&quot; maxlength=&quot;50&quot; name=&quot;MESSAGE_V4&quot; richtype=&quot;CHARACTER&quot; type=&quot;xsd:string&quot;/&gt;&#xA;        &lt;/table&gt;&#xA;    &lt;/service&gt;&#xA;&lt;/entry&gt;">
            <accessType></accessType>
        </template-param>
    </service-input>
    <service-output passthrough="false">
        <param datatype="string" defaultvalue="" description="" encode="true" format="None" formatvalue="" name="CS_MYRDC_USER_DETAIL" order="" passnull="false" sms-name="" src="entry" sourcevalue="" srcformatvalue="" target="response" targetdatatype="java.lang.String" testvalue="" value="">
            <accessType></accessType>
        </param>
    </service-output>
</service>
