[ {
  "entityTypeId" : "4340c107-643e-4ca5-a636-1031d550ac23",
  "id" : "d2574f25-4deb-4fd4-ba37-01b0075a04d4",
  "name" : "BINARY_NAME",
  "sourceFieldname" : "BINARY_NAME",
  "description" : "Binary object name",
  "dataType" : "string",
  "hasIndex" : false,
  "unique" : false,
  "primarykey" : false,
  "namefield" : false,
  "nullable" : true,
  "custom" : false,
  "createable" : true,
  "updateable" : true,
  "audit" : false,
  "customizable" : false,
  "fieldLength" : 32,
  "precision" : 0,
  "fieldOrder" : 0,
  "fieldProperties" : {
    "autoGenerated" : "false"
  }
}, {
  "entityTypeId" : "4340c107-643e-4ca5-a636-1031d550ac23",
  "id" : "c86b07e4-57dc-4ed7-8372-9668c9b04bf6",
  "name" : "MATNR",
  "sourceFieldname" : "MATNR",
  "description" : "Material Number",
  "dataType" : "string",
  "hasIndex" : false,
  "unique" : false,
  "primarykey" : true,
  "namefield" : false,
  "nullable" : false,
  "custom" : false,
  "createable" : true,
  "updateable" : true,
  "audit" : false,
  "customizable" : false,
  "fieldLength" : 18,
  "precision" : 0,
  "fieldOrder" : 0,
  "fieldProperties" : {
    "autoGenerated" : "false"
  }
} ]