{
  "type" : "lob",
  "custom" : false,
  "junction" : false,
  "customizable" : false,
  "verbs" : {
    "get" : "getMapping"
  },
  "entityProperties" : {
    "BatchMode" : "none",
    "backendMeta" : {
      "libraryName" : "WM",
      "dataObjectName" : "ZWMMEDIA_DOB",
      "businessObjectName" : "ZWMMEDIA"
    },
    "designTimeBackendMeta" : {
      "libraryName" : "WM",
      "dataObjectName" : "ZWMMEDIA_DOB",
      "businessObjectName" : "ZWMMEDIA"
    }
  },
  "commonMappings" : [ {
    "sourceFieldName" : "BINARY_NAME",
    "targetField" : "BINARY_NAME",
    "type" : "request_response"
  }, {
    "sourceFieldName" : "MATNR",
    "targetField" : "MATNR",
    "type" : "request_response"
  } ]
}